N,Rate,ECS_ns,CRG_ns
65536,0.01,1.21181,1.0961
1048576,0.01,1.56844,2.94805
65536,0.1,1.61424,1.105
1048576,0.1,1.38422,3.07127
