Count,ECS_Time,CRG_Time,ECS_BW,CRG_BW
10000,0.009709,0.015209,72.902,46.5386
50000,0.05025,0.064417,70.4284,54.9393
100000,0.115292,0.134,61.3924,52.8213
500000,1.71929,1.61404,20.5842,21.9265
1000000,3.49987,3.64458,20.2237,19.4207
5000000,18.1262,12.1823,19.5244,29.0505
10000000,36.145,23.8094,19.5824,29.728
