N,ECS_ns,CRG_ns
1024,2.19727,15.1367
2048,2.21777,14.4043
4096,2.48218,14.2722
8192,2.39062,14.2822
16384,4.91083,14.2339
32768,2.68045,14.6586
65536,2.87946,14.3744
131072,4.04263,13.5215
262144,1.84425,6.17043
524288,1.95622,6.1473
1048576,2.13619,6.49051
2097152,2.1921,7.56917
4194304,2.08767,6.46023
8388608,2.05436,6.98107
16777216,1.8515,5.41241
