N,Rate,ECS_ns,CRG_ns
65536,0.01,2.22716,1.13106
1048576,0.01,1.948,3.82308
65536,0.1,2.13179,1.55766
1048576,0.1,1.695,2.06848
