N,ECS_ns,CRG_ns
1024,0.407227,2.88867
2048,1.09863,2.64453
4096,1.18018,2.00415
8192,1.19019,2.11597
16384,1.23596,2.10059
32768,1.21436,2.02051
65536,1.19781,2.00525
131072,1.2099,2.1216
262144,1.32402,2.0806
524288,2.63985,3.87168
1048576,1.81262,2.09832
2097152,2.02411,2.87135
4194304,2.0042,2.27093
8388608,2.18113,2.56893
16777216,2.02886,2.22294
