N,ECS_ns,CRG_ns
1024,2.23828,14.7705
2048,2.31934,14.4653
4096,2.19727,14.3433
8192,2.15662,14.4653
16384,2.44391,14.2491
32768,2.63596,14.5314
65536,2.57874,14.293
131072,4.34971,21.025
262144,1.96823,7.25762
524288,2.19631,8.23386
1048576,2.01901,9.08526
2097152,2.0166,6.39617
4194304,2.04915,6.43704
8388608,2.12192,6.61131
16777216,1.98645,6.32836
