N,Rate,ECS_ns,CRG_ns
65536,0.01,3.20372,3.26157
1048576,0.01,1.83737,3.77627
65536,0.1,1.89717,1.92325
1048576,0.1,1.70743,2.30837
