N,ECS_ns,CRG_ns
1024,2.36035,15.2998
2048,2.13623,14.8721
4096,2.16675,14.8113
8192,2.0498,14.8163
16384,2.0777,14.7832
32768,2.44269,16.5533
65536,2.63913,16.3403
131072,3.17446,14.4781
262144,1.75079,7.12569
524288,1.91291,6.81949
1048576,2.02072,6.47839
2097152,2.05034,6.60956
4194304,2.06208,6.58427
8388608,2.33117,6.70718
16777216,1.903,6.83351
